{
  "version": "calibrated_v1",
  "calibration": "platt_scaling + isotonic_regression",
  "accuracy_metrics": {
    "accuracy_within_15min": 0.7292409577177789,
    "accuracy_within_20min": 0.7855323484462557,
    "accuracy_within_25min": 0.8219561895058584,
    "accuracy_within_30min": 0.8502292409577178
  }
}